hashtags,hashtag_id
#guatemala,1
#coronavirusenpanama,2
#casosconfirmados,3
#prevencion,4
#cuarentenatotal,5
#juntossomosm√°sfuertes,6
#cidgallup,7
#facebooklive,8
#coronavirususa,9
#piggywiggy,10
#emergencianacional,11
#coronavirusmexico,12
#update,13
#noticiascaravision,14
#patent,15
#horizon2020,16
#09abr,17
#covidcolombia,18
#23mar,19
#unidoslohacemos,20
#elbravo,21
#internacional_eb,22
#bringbritshome,23
#turismo,24
#sudam√©rica,25
#ÎùºÏò®,26
#nicaragualinda,27
#d√≠amundialdelaradio,28
#28mar,29
#republicadominicana,30
#ligapromerica,31
#amcostarica,32
#coronavirusecuador,33
#aplanarlacurva,34
#integraci√≥nensalud,35
#atualiza√ß√£o,36
#ahora,37
#britsabroad,38
#vivoplay,39
#9mar,40
#airlines,41
#peru,42
#alertacovid19,43
#ford,44
#updates,45
#grecia,46
#freestylejaco,47
#qu√©deseencasa,48
#covod19,49
#estadonacional,50
#notinthislifetimetour,51
#news,52
#periodismoquedalacara,53
#climate,54
#durantelacuarentena,55
#michaelsoto,56
#yomequedoencasa,57
#colorado,58
#covidqatar,59
#podemos,60
#peopleeverywhere,61
#protectyourself,62
#cnf,63
#dqrinforma,64
#buenlunes,65
#coummnalr,66
#√∫ltimominuto,67
#guns,68
#teletrabajocostarica,69
#actualizacionya,70
#mexico,71
#sistemainmune,72
#deportes,73
#noticia,74
#dios,75
#surfista,76
#caldera,77
#comedia,78
#urgente,79
#yosoydeaqui,80
#fuertevalientesonriente,81
#northpacifictours,82
#rosario3,83
#envivo,84
#spaziotransnazionale,85
#5abr,86
#ŸÉŸàÿ±ŸàŸÜÿß,87
#realestate,88
#repost,89
#sunset,90
#cuarentenaobligatoria,91
#cosher103,92
#staywell,93
#peaceout,94
#ultimomomento,95
#reiteramos,96
#technology,97
#atunanews,98
#nature,99
#futbolfemenino,100
#lulainocente,101
#money,102
#chepe,103
#covidcr,104
#19marzo,105
#estasemana,106
#econom√≠aasualcance,107
#03abr,108
#cau_rys20,109
#nocomacuento,110
#whocares,111
#crack,112
#titulares,113
#puebloencombate,114
#quedateencasapy,115
#eucoronavirus,116
#thalia,117
#homeschool,118
#latinus,119
#chinesevirus,120
#barescerrados,121
#energy,122
#h2020,123
#staycation,124
#gunsnroses,125
#covid19nigeria,126
#qu√©datencasa,127
#nicaragueense,128
#coronavirusguatemala,129
#tokyo2020,130
#coronaoutbreak,131
#lufthansa,132
#miercolesdeganarseguidores,133
#aeropuertos,134
#contevirus,135
#creatividad,136
#twitch,137
#sanjose,138
#covid2019chile,139
#tr√°ficocr,140
#meinformoymecuido,141
#40anospt,142
#cycling,143
#6abr,144
#inpercosta,145
#quepos,146
#coronavirusupdates,147
#noestamosenguerra,148
#elsiglocomve,149
#siempreinformado,150
#fortalecer,151
#6mar,152
#balonmanocr,153
#√∫ltimahora,154
#asamblea,155
#floral,156
#7mar,157
#unionradio,158
#sarcasmo,159
#cumpledelmejor,160
#ota,161
#22mar,162
#preferredhotels,163
#alcohol,164
#felizlunes,165
#frutas,166
#transports,167
#covid19gt,168
#internationaltravel,169
#masks4all,170
#lavatusmanos,171
#coronavirusencolombia,172
#f√∫tbolfemenino,173
#life,174
#coronaviruslatinoamerica,175
#noticiasenvivo,176
#resorts,177
#ticos,178
#2deabril,179
#alencuentrocondios,180
#reportecovid19,181
#irresponsable,182
#noticiassin,183
#elreporte,184
#gopro,185
#actualidadcf,186
#video,187
#lom√°sle√≠domarzo,188
#25mar,189
#estaentusmanos,190
#upad,191
#mundocri,192
#bassist,193
#mundopa,194
#breakingnews,195
#elcascabel18m,196
#spoilers,197
#periodistasoy,198
#ùòºùô°ùôöùôßùô©ùôñ,199
#hidroxicloroquina,200
#transparentbusiness,201
#sosecuador,202
#somosradiovos,203
#nomaspac,204
#noticiasaldia,205
#classinforma,206
#marketplace,207
#vuelvealeer,208
#giammattei,209
#antena3deportes,210
#uitdeoudedoos,211
#not_ready,212
#consulting,213
#cuarentenaobligatoriaya,214
#ultimo,215
#mdcthalia,216
#coronvirusmemes,217
#jefesdeestado,218
#estadioazteca,219
#socialismo,220
#lom√°sle√≠do,221
#expat,222
#suspendanlasclases,223
#mundodd,224
#realestateagent,225
#corporatecommunications,226
#canal4noticias,227
#alcp2020,228
#cretivoscat,229
#nosjuimos,230
#somoswao,231
#5mar,232
#videocharlaastillada,233
#covidnl,234
#contenido,235
#gis,236
#tentvnoticias,237
#lo√∫ltimo,238
#actualidad,239
#rnn27,240
#noticiascrc,241
#coronaviruspandemic,242
#med,243
#somosboom,244
#paraguay,245
#coronaviruslatam,246
#12mar,247
#luckymen,248
#directo,249
#documental,250
#coronavirusuruguay,251
#change,252
#highriskcovid19,253
#compartir,254
#cosra,255
#rebelarte,256
#chavezesmasqueamorfrenesi,257
#cobid19,258
#puravidadesdecostarica,259
#alcierre,260
#covid19bc,261
#mangafestcostarica,262
#ndigital,263
#ddhh,264
#soypandora,265
#31mar,266
#honduras,267
#euvzla,268
#datos,269
#marcasportsgt,270
#enterate,271
#am√©rica,272
#costarica,273
#coronaviruscentroamerica,274
#ùôâùòæùôÑùô£ùôõùô§ùôßùô¢ùôñ,275
#culturacr,276
#venezuelapuebloheroico,277
#luv,278
#cuarentenacultural,279
#urgent,280
#justtheflu,281
#bancobcr,282
#powerwolf,283
#13mar,284
#laletrajusta,285
#trudeauworstpmever,286
#internationaltravelnews,287
#chiapas,288
#coronavirusargentina,289
#kag2020,290
#coronavirusenam√©rica,291
#informando,292
#lascatalinas,293
#colombia,294
#ncov2019,295
#20mar,296
#amlomiente,297
#informaci√≥nparati,298
#t13tarde,299
#vacation,300
#teletrabajo,301
#latinoam√©rica,302
#coronavirusmemes,303
#jakpost,304
#redept,305
#latinos,306
#puravidalife,307
#niunamenos,308
#springbreak,309
#cruises,310
#school,311
#quediosnosampare,312
#dolar,313
#tvvnoticias,314
#internacionalescaravision,315
#globaldev,316
#coronavirusvenezuela,317
#gardien,318
#mismanosmisarmas,319
#lomasreciente,320
#interaldia,321
#covid__19,322
#biodiversity,323
#trudeau,324
#distemper,325
#pr,326
#estadoterrorista,327
#edomex,328
#northvancouver,329
#bsb,330
#latinomaer√≠ca,331
#pa,332
#latam,333
#endefensadelapaz,334
#conferencia,335
#caribbeanprincess,336
#16mar,337
#dia3,338
#noticiaswhatsapp_57273090,339
#realestateexperts,340
#estatarde,341
#sorryworld,342
#topnews,343
#quedatacasa,344
#5feb,345
#donatetocorona,346
#votaskabeche,347
#mascarasparatodos,348
#maldives,349
#codiv_19,350
#saludpublica,351
#naturaleza,352
#qu√©dateencasa,353
#graciaschina,354
#traficoni,355
#quedateenlacasa,356
#scientists,357
#p7informa,358
#clausura2020,359
#treporta,360
#asado,361
#farmers,362
#badcustomerservice,363
#art√≠culo66,364
#argentinos,365
#al√≥buenasnoches,366
#muertes,367
#viral,368
#loultimo,369
#pricegouging,370
#eslo√∫ltimo,371
#qgis,372
#cholutecahoy,373
#vtvsomostodos,374
#nega,375
#respirators,376
#noticiero6,377
#barbecue,378
#coronavirusamerica,379
#√∫ltimahorasv,380
#noticiasvr,381
#affordability,382
#playanegracostarica,383
#presidenteresponde,384
#7diasradio,385
#covidslovenia,386
#traveltip,387
#venezuelaserespeta,388
#coronavirusenfrance,389
#micant√≥n,390
#matices,391
#ent√©rate,392
#france,393
#deuxs√®vres,394
#donaldtrumpmemes,395
#al,396
#codoconcodo,397
#marvel,398
#whatsapp,399
#trudeauliedpeopledied,400
#epocareproducci√≥n,401
#juntospodemoslograrlo,402
#abri√≥labilletera,403
#lassancionessonuncrimen,404
#portodoslosmedios,405
#noticiascostarica,406
#redfsln,407
#graciasmicomandanteporhacerlindaminicaragua,408
#coronav,409
#homebuyer,410
#alestilojuliana,411
#nicaraguavscovid19,412
#tvyumuri,413
#dqr,414
#covid19latam,415
#covidslovakia,416
#notaswao,417
#7d√≠as,418
#costaricafishing,419
#noticiasactualidad,420
#cnx,421
#askerickohn,422
#feedly,423
#quedateencasa,424
#prometoben√©fico,425
#r√©gimendeexcepci√≥n,426
#medicacionnatural,427
#noticiascolumbia,428
#ucrania,429
#indigenous,430
#anpddhinforma,431
#staysafestayhome,432
#ptribeirao,433
#basura,434
#pvala,435
#quedateentucasacarajo,436
#27m,437
#fsradiobrasil,438
#yotecuido,439
#politics,440
#cierralamuralla,441
#cuarentenacoronavirus,442
#coppednews,443
#coronavirusnicaragua,444
#estadosunidos,445
#estiempo,446
#podcast,447
#coronavir√ºs√º,448
#quedeseencasa,449
#virtualevents,450
#lpr,451
#noticiastelediario,452
#esnoticia,453
#openscience,454
#loter√≠a,455
#urgentelnsv,456
#enestemomento,457
#covidtogo,458
#tombrady,459
#centralamericantwitter,460
#afecavol,461
#puerto,462
#drt,463
#mundo,464
#banconacional,465
#foxnews,466
#14mar,467
#centroam√©rica,468
#nopudieronnipodr√°n,469
#realtorlife,470
#conexionovni,471
#world,472
#estornudo,473
#wwg1wga,474
#urgentese,475
#giselebundchen,476
#australia,477
#coronvirus,478
#conclupandemia,479
#wujan,480
#lrn,481
#mexicounido,482
#handenschudden,483
#hoax,484
#√∫ltimo_minuto,485
#rtgnews,486
#ltalia,487
#fa360,488
#end,489
#globalstandrews,490
#enseriom√∫sica,491
#temblorcr,492
#viajes,493
#maximonivel,494
#futbolistas,495
#fuckingpolitics,496
#bienvenidoabril,497
#bombazo,498
#birthdayquarantine,499
#gatocasero,500
#champ,501
#buxos,502
#teclado,503
#covidvenezuela,504
#sergiobittar,505
#lasalud,506
#nutriclases,507
#hackcovid19,508
#handmade,509
#venezuela,510
#culpadelpac,511
#rednacionalnoticias,512
#santos,513
#covid19pandemic,514
#handwashing,515
#gobiernonegligente,516
#canpoli,517
#felizlunesatodos,518
#jinwoo,519
#governmentagencies,520
#lavadodemanos,521
#economy,522
#11mar,523
#fconplfcr,524
#tbt,525
#hondurasquedateencasa,526
#energiasrenovables,527
#gentecreativa,528
#travelers,529
#tropics,530
#germany,531
#cuarentena,532
#imitenaotrospa√≠ses,533
#elpac,534
#spatime,535
#covoid19,536
#hospitalvalverdevega,537
#veterenarians,538
#hablandoclaro,539
#las5m√°sle√≠das,540
#ticavisi√≤n,541
#bukeleelhambremata,542
#viruschino,543
#adventuretime,544
#ticotrafico,545
#se√±alinternacional,546
#usa,547
#nomientagiammatei,548
#rnn,549
#mexicofase2,550
#kevinrivera,551
#lepinternacional,552
#trip,553
#otgala5,554
#oms,555
#lavisi√≥ninforma,556
#plague,557
#bogota,558
#music,559
#dwnoticias,560
#ciudadanoinformado,561
#internacionalestr,562
#alcp,563
#jamaica,564
#23demarzo,565
#coronavirusfrance,566
#rhapsody,567
#covid19ve,568
#seenews,569
#datavisualization,570
#jump,571
#gfvip,572
#traveladvice,573
#actualizaci√≥n,574
#juntossaldremosadelante,575
#estadodeemergencia,576
#corona,577
#26mar,578
#healthnews,579
#covid2019,580
#rafaelvillavicencio,581
#telegram,582
#coronavirusgt,583
#noaflojemos,584
#corona_lsa,585
#eulacmuseums,586
#stellarrealtynorthwest,587
#tuittulares,588
#opini√≥n,589
#eltalsolacosa,590
#travelnews,591
#lonuevo,592
#rollingmountains,593
#today,594
#pty507,595
#coronavirusenamerica,596
#lluvia,597
#nav√©galo,598
#√∫ltimahoracr,599
#healthcare,600
#claudiogrossman,601
#brady,602
#americas,603
#chtv,604
#alternativaespriritual,605
#2abr,606
#ecuadorenemergencia,607
#noticiascr,608
#sharjah24,609
#voleibol,610
#kag,611
#ucr,612
#maldepatria,613
#varados,614
#mewika,615
#am√©ricadeportes,616
#04abr,617
#poolday,618
#us,619
#coronavirusturkey,620
#ukraine,621
#uscitizen,622
#colectivoprensaindependiente,623
#pandemiamundial,624
#people,625
#uhcoronavirus,626
#navas,627
#hoymismo,628
#libertaddeprensa,629
#macetachallenge,630
#m√°sall√°detodo,631
#coronavid19,632
#coronavirusinindia,633
#quedateentucasa,634
#biwenger,635
#medidascoronavirus,636
#besafe,637
#sunny,638
#redacaosportv,639
#est√°circulando,640
#soloencostarica,641
#pandemiacoronavirus,642
#legalmarketing,643
#nicarag√ºense,644
#wellnesscheck,645
#alertamundial,646
#2da_muerte_coronavirus,647
#country,648
#comunicado,649
#avancestr,650
#entretodos,651
#coronavragen,652
#corvid19uk,653
#straykids,654
#chile,655
#treuominieunagamba,656
#coronavirusenlatinoamerica,657
#latinamerica,658
#callao,659
#rosariomurillo,660
#bolivia,661
#futbolxsdm,662
#17mar,663
#covid1,664
#elinformadorvenezuela,665
#cosher1103,666
#responsabilidadsocial,667
#utn,668
#coronavirusenperu,669
#alertarojacoronavirus,670
#sica,671
#coronavirusnobrasil,672
#latincoronavirushot100,673
#viernes,674
#noticiasfalsas,675
#oficial,676
#semanasanta,677
#plomo19,678
#ticosenelextranjero,679
#realtime,680
#culturales,681
#canadaisbroken,682
#8mar,683
#alacandela,684
#updated,685
#√∫ltimo,686
#centroamerica,687
#lamesarenonaenvivo,688
#venezolanosencostarica,689
#nationsleague,690
#hellandheaven,691
#stayathome,692
#avianca,693
#lysol,694
#radar24rd,695
#realtor,696
#bukele,697
#siervosmenguados,698
#coronaalert,699
#anpdh,700
#confinement,701
#yomequedoenmicasa,702
#lared905,703
#losticos,704
#fase2,705
#tcrn,706
#libertaddeexpresi√≥n,707
#actualizacion,708
#coronacrisis,709
#coachellacancelled,710
#ocupoquereaccionen,711
#expreso,712
#5noticiasyuncomentario,713
#bbb2020,714
#covid19nic,715
#voetbal,716
#am√©n,717
#loshondure√±ostenemosunmalisimosistemainmune,718
#newmillenniumrealtygroup,719
#sant√©,720
#huejotzingo,721
#horror,722
#espa√±a,723
#convid_19,724
#fifa,725
#trending,726
#vamosguate,727
#workfromhome,728
#racism,729
#americalatina,730
#maga,731
#cannedtuna,732
#cartagines,733
#declaraci√≥n,734
#clouds,735
#internacionales,736
#toluca,737
#breaking,738
#praxiscr,739
#periodismodesoluciones,740
#lbdv,741
#nacionalcri,742
#todosencasa,743
#effiwork,744
#tico,745
#outdoor,746
#teleprensa33,747
#marcelhern√°ndez,748
#bin,749
#covid19espa,750
#salganatriunfar,751
#asicomosuena,752
#05abr,753
#poderciudadano,754
#mundialfemenino,755
#cholilaonline,756
#tourism,757
#cornoravirus,758
#cuba,759
#neuqu√©n,760
#caribe,761
#balance,762
#medidaseconomicasec,763
#covip_19,764
#agricultura,765
#covid19enamerica,766
#nicaragualibre,767
#canad√°,768
#emergency,769
#viva,770
#cr,771
#noticiasrnn,772
#armonia10,773
#stranded,774
#interferencia,775
#remotework,776
#ipandetec,777
#5g,778
#somosahermanoscari√±opazyvida,779
#annulation,780
#panam√°,781
#prohibici√≥ndedespidos,782
#hackcovid19uy,783
#fuchicaca,784
#covid„Éº19,785
#epidemias,786
#imapctovtv,787
#guardianacional,788
#siempre,789
#coronaviruswuhan,790
#covid19de,791
#sclc,792
#mobilsocial,793
#lo√∫ltimokw,794
#matadepera,795
#nexnoticias,796
#esportstrs,797
#peligro,798
#coronavirusinfoch,799
#8m2millones,800
#outbreak,801
#tulsiemergencyubi,802
#cacique,803
#confirmado,804
#baghdadpost,805
#dl,806
#paidpartnership,807
#crcontraelcovid19,808
#eu,809
#unitedairlines,810
#journey,811
#orgullolgbt,812
#coronavirusespana,813
#costa_rica,814
#euescuintla,815
#laprevencioneslaclave,816
#inter_eb,817
#jinjer,818
#tour,819
#toquedequeda,820
#cancer,821
#hortalizas,822
#01abr,823
#dailyreflections,824
#ensegundos,825
#airfrancefr,826
#elperiodicocr,827
#infectiousdisease,828
#italiazonarossa,829
#perspectivagt,830
#covidcameroon,831
#seeyousoon,832
#mequedoencasa,833
#taekwondo,834
#mundoradarsv,835
#covid_19ec,836
#edgardocamacho,837
#ndccostarica,838
#sucesos,839
#loveisland,840
#argentina,841
#diosdamepazquesimedasfuerzatelosmando,842
#covid_19,843
#msnbcanswers,844
#organizacionmundialdelasalud,845
#greenday,846
#covid19mexico,847
#m√©xico,848
#covid_19cr,849
#covidvatican,850
#foreign,851
#btsarmy,852
#somoselteam,853
#realestatetips,854
#ni√±o,855
#america,856
#bresil,857
#armymissesbts,858
#08abr,859
#danliencontacto,860
#ocean,861
#yoapruebo,862
#agendaf√∫tbol,863
#minsa,864
#rica,865
#nuestravoz,866
#2019_ncov,867
#cancelado,868
#per√∫noticias,869
#alertaviva,870
#tnewspy,871
#coronavirusenecuador,872
#lanoticiaconvos,873
#consultoria,874
#wakandaforever,875
#futbolinternacional,876
#phrasesforlife,877
#praxisnoticias,878
#nicaraguainvestiga,879
#ddj,880
#epitwitter,881
#depana,882
#conciertos,883
#solidaridad,884
#coronavirusnews,885
#poseidonbattles,886
#almomento,887
#viajeschat,888
#tuiterosactivosnicaragua,889
#coronavius,890
#solution,891
#endesarrollo,892
#emol,893
#trv,894
#hoy,895
#originalstereo26a√±os,896
#ip,897
#7marzo,898
#airlinenews,899
#lo_√∫ltimoeb,900
#soynuevaprensa,901
#bander√≠nenalto,902
#somostrt,903
#veterenarian,904
#noticiassertv,905
#prensabasura,906
#mastestsya,907
#cm,908
#euinternacionales,909
#economia,910
#femenino,911
#ovni,912
#lossuenosresort,913
#cuide,914
#quedateencasagt,915
#pandemia,916
#puntalam,917
#√°merica,918
#costa,919
#mhonividente,920
#trafico,921
#sin24horas,922
#resistencia672dias,923
#coronaviruscostarica,924
#losleolosveolosoigo,925
#fantasy,926
#lasele,927
#unidoscontraelcoronavirus,928
#madeleinecasmo,929
#worldtravel,930
#idiots,931
#teleprensaestelar,932
#cuarentenaporlavida,933
#cdnmedia,934
#polic√≠a,935
#solidaridadsinfronteras,936
#dengue,937
#worldnews,938
#sandwich,939
#noticialibre,940
#noticiasdecostarica,941
#sinproteccion,942
#dinero,943
#quedemonosencasa,944
#somosel8,945
#airport,946
#mdccdmx,947
#coronavirusfacts,948
#universe,949
#thegreatawakening,950
#italy,951
#mountainbiking,952
#allinthistogether,953
#guayaquil,954
#19mar,955
#noticiavigilante,956
#aprendeencasa,957
#mask,958
#volcom,959
#actualizado,960
#lulalivre,961
#sux,962
#nacional,963
#traficogt,964
#landscape,965
#volunteer,966
#prevenci√≥n,967
#saludparatodos,968
#laon,969
#goingcrazy,970
#enbatallaheroica,971
#bbb20,972
#wuhan,973
#deportes_eb,974
#lifeofadventures,975
#quarantine,976
#bachelor,977
#avocatcostarica,978
#timeforjoy,979
#ortega,980
#poltava,981
#latino,982
#pereaurell,983
#marzo9,984
#btsincostarica,985
#cgtnestudio,986
#nocaiga,987
#safetravel,988
#noticieroenlinea,989
#covid19cr,990
#hotels,991
#suumconsulting,992
#disease,993
#tableau,994
#ecuador,995
#costaricadespierta,996
#trudeauworstpm,997
#ultimosegundo,998
#solorecuperados,999
#comunio,1000
#nopudieronnipodran,1001
#milagro,1002
#carlyb,1003
#as√≠vamos,1004
#noestamossolos,1005
#urgente_24,1006
#texcoco,1007
#rip,1008
#samadams,1009
#voyages,1010
#graciaspresidenteduque,1011
#adrianavolpe,1012
#guerrilla21,1013
#datospersonales,1014
#nfl,1015
#healthrisks,1016
#staypositive,1017
#podernoticiasradiosa,1018
#eltaledgardocamacho,1019
#biolog√≠atropical,1020
#coronavirusenvenezuela,1021
#epidemic,1022
#n4v,1023
#cannabis,1024
#data,1025
#access2meds,1026
#ch√°vezpresenteyfuturo,1027
#concacaf,1028
#terrassa,1029
#Êù±‰∫¨2021,1030
#virus,1031
#opengov,1032
#creativoscat,1033
#deber√≠andeprohibirlos,1034
#qu√®dateencasa,1035
#ent√©rate24,1036
#epidemia,1037
#prevencionyprotecciondelpueblo,1038
#prensa,1039
#bailout,1040
#fecobal,1041
#costarica02s,1042
#radmarathon,1043
#ÏßÑÏö∞,1044
#flights,1045
#txrpc,1046
#descubrecr,1047
#4feb,1048
#wwe,1049
#visi√≥npa√≠s,1050
#amigos,1051
#event225,1052
#covid19costarica,1053
#rt,1054
#cruise,1055
#show,1056
#drlaifisgud,1057
#atenci√≥n,1058
#travelalert,1059
#avengersendgame,1060
#tokio2020,1061
#dogs,1062
#delasemana,1063
#2019ncov,1064
#makeadifference,1065
#felizjueves,1066
#cuarentenacolectivasocial,1067
#alerta,1068
#telecobosco,1069
#noticiastvn,1070
#loprimero,1071
#cdnpoli,1072
#am√©ricalatina,1073
#ultimahora,1074
#playanegrarealty,1075
#transfermarkt,1076
#ferchourquiza,1077
#aestahora,1078
#viveinformado,1079
#ccss,1080
#aircanada,1081
#supercontagiador,1082
#fridaymotivation,1083
#coronaviruschino,1084
#lebombedivlad,1085
#coronavirusoutbreak,1086
#cigars,1087
#21mar,1088
#minutoaminuto,1089
#coronavirusnetherlands,1090
#bcr,1091
#polcan,1092
#syga,1093
#concert,1094
#futbol,1095
#enactualidad,1096
#22demarzo,1097
#coronatime,1098
#banctrust,1099
#nodrinking,1100
#24mar,1101
#traveltuesday,1102
#seteniaquedecirysedijo,1103
#gratitud,1104
#coronav√≠rus,1105
#tvv,1106
#playasdelcoco,1107
#mineduc,1108
#quedatencasa,1109
#ùôâùôñùôòùôûùô§ùô£ùôñùô°ùôöùô®,1110
#ideas,1111
#tiktok,1112
#noticiaw,1113
#estados,1114
#zonainfinito,1115
#trchiriqu√≠,1116
#sarscov2,1117
#yestoabscbnshutdown,1118
#comercio,1119
#l25,1120
#informaci√≥nconprop√≥sito,1121
#covid19amerique,1122
#trump2020,1123
#coronaviruscup,1124
#covid19uk,1125
#etownpops,1126
#ravenclaw,1127
#todoennoticias,1128
#atagangaledigo,1129
#orbe,1130
#important,1131
#coronaviruschile,1132
#teamse√±ora,1133
#positivemessages,1134
#covidbrasil,1135
#seaspicha,1136
#beachboys,1137
#coronaviruspanama,1138
#n,1139
#sociedadpa,1140
#somoslasele,1141
#2abril,1142
#nacionales,1143
#sindigital,1144
#itvx,1145
#sucreenlanoticia,1146
#fishingincostarica,1147
#afpespanol,1148
#somosleyenda,1149
#defansparafans,1150
#thebachelor,1151
#migrantes,1152
#buenviernes,1153
#encuentra24,1154
#parents,1155
#eltalsolcosa,1156
#invierno,1157
#ecotourism,1158
#noalcohol,1159
#v√≠deo,1160
#estadodealarma,1161
#cdc,1162
#adelantepueblopresidente,1163
#exponentialmindset,1164
#todosporcentroamerica,1165
#skyrunning,1166
#futbolrpc,1167
#wssuso,1168
#foodsecurity,1169
#freeculture,1170
#stayhome,1171
#costaricagoveialingo1103,1172
#tvdosv,1173
#rosario,1174
#ultimasnoticias,1175
#coronamemes,1176
#cbdoil,1177
#lacalleenemergencia,1178
#recuento,1179
#graciasporestarencasa,1180
#covidjamaica,1181
#3abril,1182
#dashboard,1183
#opvallend,1184
#vivelatino,1185
#ortegamurillo,1186
#lev,1187
#cooperativaencasa,1188
#am√©ricas,1189
#aplanemoslacurva,1190
#thebikehousecostarica,1191
#rapatriement,1192
#cronovirus,1193
#coronavirusfactset,1194
#openaccess,1195
#godscorner,1196
#customs,1197
#iamintel,1198
#deestasalimosjuntos,1199
#psg,1200
#√∫ltimomomento,1201
#derechoainformar,1202
#15mar,1203
#alertacovid19sv,1204
#preguntica,1205
#qanon,1206
#azitromicina,1207
#covid19,1208
#toughcall,1209
#10mar,1210
#panamacity,1211
#fishcostarica,1212
#somospotenciamundial,1213
#cdn,1214
#ministeriodesalud,1215
#trendingtopic,1216
#bcpoli,1217
#donttalktome,1218
#07abr,1219
#realestateinvesting,1220
#covidserbia,1221
#elinformadorve,1222
#semanamayor,1223
#vicionoticias,1224
#4a√±osm√°s,1225
#accoronavirus,1226
#brasil,1227
#entrevista,1228
#prorrogatributaria,1229
#brote,1230
#nm935,1231
#coronvirususa,1232
#estamos_aislados_pero_no_separados,1233
#solacosa,1234
#streaming,1235
#an7,1236
#usagelantibacterial,1237
#radiomiapanama,1238
#7abr,1239
#pt40anos,1240
#semanasantaencasa,1241
#glow25,1242
#amloelfracasopresidencial,1243
#pi√±era,1244
#salud,1245
#dc,1246
#impactovtv,1247
#mister,1248
#legionariosrpc,1249
#kca,1250
#internacionalescf,1251
#ranking,1252
#jmdeportes,1253
#ministraclaudiaru√≠z,1254
#infoglobal2020,1255
#loquesevive,1256
#canale89,1257
#travelcoronavirus,1258
#am√©ricanoticias,1259
#autoridades,1260
#larsa,1261
#thenewignis,1262
#fanal,1263
#unafut,1264
#comitatofifa,1265
#pva,1266
#lastminute,1267
#sosguayaquil,1268
#democrats,1269
#chroniclife,1270
#tpissues,1271
#tesugerimosleer,1272
#codvid_19,1273
#china,1274
#day,1275
#luxurylifestyle,1276
#latinoamerica,1277
#adventure,1278
#lo_√∫ltimo,1279
#panadol,1280
#focostv,1281
#oma,1282
#sin,1283
#tecladoabierto,1284
#oracion,1285
#mundialsub20,1286
#terer√©news,1287
#contabiliza,1288
#deconcierto,1289
#covid_19fr,1290
#larisasana,1291
#futmondo,1292
#catalunya,1293
#travelban,1294
#thebachlor,1295
#elpulso,1296
#coronavirusupdate,1297
#podemosm√°s,1298
#staycostarica,1299
#coronavirushonduras,1300
#cnn,1301
#oremosporellos,1302
#dia2,1303
#tokio2021,1304
#realestatephotos,1305
#francia,1306
#jorgedrexler,1307
#cosfc,1308
#actualidadboom,1309
#maytheforcebewithyou,1310
#yosoytico,1311
#vimeo,1312
#√∫ltimahorakw,1313
#cultura,1314
#onpoli,1315
#porsiteloperdiste,1316
#coronavirusrd,1317
#traveling,1318
#diariolibre,1319
#maluma,1320
#dataviz,1321
#afp,1322
#tigosportsapp,1323
#pandemic,1324
#costaricapreviene,1325
#06abr,1326
#ojosyoidos,1327
#health,1328
#longfiller,1329
#beachclosures,1330
#italia,1331
#1abr,1332
#mexicanosenelextranjero,1333
#airbnbhelp,1334
#vacine,1335
#healthyliving,1336
#prayfortheworld,1337
#copaam√©rica,1338
#mantengamoslacordura,1339
#comparte,1340
#29mar,1341
#covid,1342
#interior,1343
#reggaeton,1344
#holiday,1345
#noticias,1346
#prensang√§be,1347
#bluefields,1348
#buenasnoticias,1349
#rnninternacionales,1350
#02abr,1351
#homeseller,1352
#ioseguotgr,1353
#openmedicine,1354
#compol,1355
#naranjo,1356
#everyonecounts,1357
#blockchain,1358
#cuidadospaliativos,1359
#uh,1360
#covid19esp,1361
#pensandoenalto,1362
#castalia,1363
#endirecto,1364
#fishingcharters,1365
#cholula,1366
#nigeria,1367
#estad√≠sticas,1368
#enmundo,1369
#noticiasticas,1370
#9abr,1371
#changemymind,1372
#costaricacontraelcoronavirus,1373
#yomecuido,1374
#18mar,1375
#bulgaria,1376
#ceotransparentbusiness,1377
#atencion,1378
#yskl,1379
#ivoox,1380
#covididiots,1381
#corpotv,1382
#googlealerts,1383
#relief,1384
#centralamerica,1385
#sailfish,1386
#mdcthaliacontigosiempreesta,1387
#abundance,1388
#costaricatourbts2020,1389
#noticias_eb,1390
#n95,1391
#tnfs,1392
#coronaupdate,1393
#nicaragua,1394
#cuarentenanacional,1395
#sputnikurgent,1396
#elsalvador,1397
#rodez,1398
#edici√≥nfindesemana,1399
#provinciaspa,1400
#guerratour2020costarica,1401
#coronaviruschallenge,1402
#emmetv,1403
#achatemoslacurva,1404
#marcabien,1405
#avancecoronavirus,1406
#costcopanicbuying,1407
#noticiasdti,1408
#luxurytravel,1409
#newyork,1410
#esri,1411
#realidadaumentada,1412
#evnews,1413
#elestetoscopio,1414
#coronavirusireland,1415
#elpeorgobiernodelahistoria,1416
#cyclosportive,1417
#alaskaair,1418
#noticias12nicaragua,1419
#comoasi,1420
#ins√≥lito,1421
#rep√∫blica18,1422
#reglasdehigiene,1423
#policy,1424
#internacional,1425
#responsabilit√†sociale,1426
#19abr,1427
#lawfirms,1428
#planeta,1429
#europa,1430
#rescuecenter,1431
#pa√≠s,1432
#difundir,1433
#sea,1434
#contra,1435
#30mar,1436
#corona19,1437
#ojoaldato,1438
#deportivowalterferretti,1439
#workmeter,1440
#hilo,1441
#barriogaray,1442
#coronavirusperu,1443
#seguimosinformando,1444
#per√∫,1445
#alertaamarilla,1446
#nederland,1447
#laselefemenina,1448
#covidperu,1449
#amonamarth,1450
#espect√°culos,1451
#wrestlemania,1452
#tendencia,1453
#arcgis,1454
#publichealth,1455
#raceacrosstheworld,1456
#covidcostarica,1457
#codvid19,1458
#keylornavas,1459
#travel,1460
#comcast,1461
#estamosjodidos,1462
#sellyourhome,1463
#08mar,1464
#14marzo,1465
#pand√©mie,1466
#norteam√©rica,1467
#sanantonio,1468
#sosnicaragua,1469
#paronamamundial,1470
#ligue1,1471
#coronapocolypse,1472
#ultima_hora,1473
#reacciona,1474
#loquenoveranenlaprensa,1475
#malta,1476
#backpackers,1477
#washyourhands,1478
#coronaviruscr,1479
#escudobolivarianoii2020,1480
#convid19,1481
#ticoiron√≠a,1482
#socialdistancing,1483
#pais,1484
#expansi√≥ndelcoronavirus,1485
#alajuela,1486
#coronavisruscup,1487
#lateinamerika,1488
#tigo,1489
#pac,1490
#canada,1491
#sabiasque,1492
#lalibertadesnuestrodestino,1493
#prevenci√≥nessalud,1494
#econews,1495
#buccaneers,1496
#covid19nl,1497
#lasnoticiascuandopasan,1498
#quelindointernet,1499
#deportesdd,1500
#cdmx,1501
#norefunds,1502
#granfondo,1503
#sucks,1504
#rpcradio,1505
#enoi,1506
#shameful,1507
#fallecidos,1508
#sanjosecr,1509
#global,1510
#„Åô„Å®„Å∑„ÇäÁÑ°Ë¶≥ÂÆ¢„É©„Ç§„ÉñÁîüÈÖç‰ø°,1511
#danielsalas,1512
#sicariosencostarica,1513
#coronavirusencostarica,1514
#internacionales_eb,1515
#energytransition,1516
#alertasanitaria,1517
#wfmwradio,1518
#rta,1519
#todosunidos,1520
#ultimominuto,1521
#27mar,1522
#panama,1523
#sach,1524
#coronavirus,1525
#arianagrandeisoverparty,1526
#galer√≠anews,1527
#rays,1528
#puravida,1529
#lulainocentesextasdv,1530
#covidenunminuto,1531
#ciclismo,1532
#usamascarilla,1533
#sensortirsanssortir,1534
#Ïù¥ÏóîÏò§ÏïÑÏù¥,1535
#perspectivahoy,1536
#trips,1537
#noucoronavirustv3,1538
#muertos,1539
